Source;Target;book;Weight
Velerad;Geralt;1;1
Geralt;Foltest;1;5
Foltest;Ostrit;1;4
Adda;Velerad;1;1
Ostrit;Adda;1;4
Yennefer;Two;1;5
Nenneke;Nenneke;1;1
Roach;Iola;1;1
Two;Roach;1;1
Nivellen;Nivellen;1;1
Fenne;Fenne;1;2
Asse;Vereena;1;1
Vereena;Hereward;1;2
Hereward;Falwick;1;12
Falwick;Caldemeyn;1;12
Caldemeyn;Count;1;4
Stregobor;Eltibald;1;8
Fredefalk;Fredefalk;1;3
Renfri;Stregobor;1;2
Nohorn;Renfri;1;4
Civril;Tavik;1;14
Tavik;Fifteen;1;11
Fifteen;Civril;1;1
Audoen;Audoen;1;1
Libushe;Libushe;1;2
Baron;Baron;1;2
Iola;Nohorn;1;4
Haxo;Haxo;1;2
Pavetta;Pavetta;1;5
Calanthe;Calanthe;1;4
Rainfarn;Rainfarn;1;4
Eist;Windhalm;1;3
Crach;Eist;1;4
Draig;Crach;1;6
Drogodar;Draig;1;5
Ravix;Drogodar;1;3
Vissegerd;Vissegerd;1;3
Mousesack;Mousesack;1;2
Roegner;Roegner;1;4
Sir;Sir;1;9
Rumplestelt;Rumplestelt;1;1
Windhalm;Nettly;1;4
Akerspaark;Dhun;1;1
Nettly;Lille;1;2
Dhun;Little;1;2
Lille;Galarr;1;1
Torque;Torque;1;8
Galarr;Vanadain;1;2
Aen;Toruviel;1;2
Vanadain;Filavandrel;1;1
Toruviel;Aen;1;1
Filavandrel;Field;1;3
Field;Yennefer;1;1
King;Errdil;1;1
Chireadan;Vratimir;1;4
Errdil;Chireadan;1;1
Vratimir;King;1;1
Beau;Beau;1;1
Triss;Triss;1;1
Laurelnose;Laurelnose;1;3
Neville;Neville;1;2
Eskel;Eskel;1;11
Vesemir;Vesemir;1;3
Dennis;Dennis;1;2
Count;Istredd;1;1
Istredd;Herbolth;1;2
Herbolth;Seven;1;4
Seven;Dandelion;1;2
Vespula;Gar;1;1
Dandelion;Dudu;1;8
Gar;Vimme;1;2
Dudu;Vespula;1;8
Vimme;Sword;1;1
Little;Agloval;1;1
Sword;Teleri;1;3
Agloval;Essi;1;1
Teleri;Duke;1;1
Essi;Zelest;1;1
Duke;Veverka;1;1
Zelest;Braenn;1;1
Veverka;Freixenet;1;1
Braenn;Eithné;1;1
Freixenet;Ciri;1;1
Eithné;Venzlav;1;1
Ciri;Guy;1;1
Venzlav;Yurga;1;2
Yurga;Visenna;1;4
Visenna;Sheldon;1;1
Sheldon;Donimir;1;9
Donimir;Rience;1;17
Rience;Lambert;1;3
Lambert;Vanielle;1;1
Vanielle;Ori;1;4
Ori;Forest;1;8
Forest;Yarpen;1;12
Yarpen;Regan;1;2
Xavier;Xavier;1;7
Yannick;Paulie;1;3
Paulie;Yannick;1;3
Regan;Henselt;1;3
Henselt;Aelirenn;1;2
Aelirenn;Everett;1;1
Everett;Shani;1;2
Shani;Philippa;1;1
Philippa;Meve;1;1
Meve;Ethain;1;1
Ethain;Emhyr;1;3
Ithlinne;Tissaia;1;2
Emhyr;Vilgefortz;1;1
Vilgefortz;Lydia;1;2
Ekkehard;Artaud;1;5
Artaud;Jarre;1;1
Tissaia;Jan;1;2
Lydia;Blue;1;1
Jarre;Ithlinne;1;3
Blue;Aplegatt;1;1
Aplegatt;Demavend;1;3
Demavend;Codringher;1;2
Codringher;Sabrina;1;10
Sabrina;Horm;1;3
Horm;Akerspaark;1;2
Yaevinn;Yaevinn;1;2
Molnar;Molnar;1;2
Fabio;Fabio;1;4
Anna;Anna;1;2
Margarita;Margarita;1;4
Falka;Rayla;1;2
Rayla;Bran;1;1
Bran;Falka;1;1
Carduin;Esterad;1;6
Francesca;Francesca;1;2
Marti;Carduin;1;1
Dorregaray;Marti;1;2
Keira;Dorregaray;1;1
Leticia;Keira;1;5
Sigismund;Voymir;1;1
Esterad;Morvran;1;1
Morvran;Fauve;1;2
Fauve;Menno;1;1
Bronibor;Stefan;1;1
Menno;Xarthisius;1;2
Ardal;Vattier;1;4
Vattier;Ceallach;1;4
Xarthisius;Cahir;1;1
Cahir;Kayleigh;1;2
Ceallach;Iskra;1;2
Kayleigh;Mistle;1;1
Iskra;Rudiger;1;1
Mistle;Asse;1;1
Rudiger;Milva;1;1
Milva;Maria;1;2
Maria;Assire;1;2
Shilard;Sheala;1;1
Stefan;Riordain;1;1
Assire;Zoltan;1;1
Sheala;Percival;1;1
Zoltan;Munro;1;2
Percival;Figgis;1;1
Munro;Emiel;1;1
Figgis;Brouver;1;1
Emiel;Aubry;1;1
Aubry;Daniel;1;1
Daniel;Morteisen;1;2
Vreemde;Fringilla;1;3
Fringilla;Merlin;1;7
Merlin;Albrich;1;3
Albrich;Ida;1;4
Stella;Adalia;1;3
Ida;Connor;1;2
Adalia;Dyffryn;1;3
Dyffryn;Sigrdrifa;1;6
Zuleyka;Zyvik;1;6
Sigrdrifa;Vysogota;1;2
Vysogota;Kelpie;1;1
Kelpie;Carthia;1;3
Carthia;Joanna;1;3
Leo;Leo;1;3
Windsor;Windsor;1;1
Stavro;Stavro;1;6
Golan;Golan;1;2
Julia;Julia;1;1
Radovid;Radovid;1;2
Fergus;Zuleyka;1;7
Lebioda;Lebioda;1;1
Jacob;Hjalmar;1;2
Hjalmar;Ardal;1;5
Joanna;Milo;1;1
Jan;Arthur;1;1
Milo;Nimue;1;1
Arthur;Stella;1;1
Nimue;Reynart;1;1
Reynart;Palmerin;1;2
Reynard;Fulko;1;3
Palmerin;Joachim;1;3
Joachim;Eredin;1;5
Guy;Auberon;1;5
Eredin;Ihuarraquax;1;4
Auberon;Milton;1;2
Ihuarraquax;Puttkammer;1;1
Milton;Adam;1;1
Adam;Barclay;1;2
Puttkammer;Ramon;1;1
Barclay;Isengrim;1;1
Isengrim;Bronibor;1;1
Kobus;Sievers;1;1
Elan;Aillil;1;1
Sievers;Braathens;1;1
Cyrus;Cyrus;1;22
Riordain;Shilard;1;1
Ambassador;Ambassador;1;2
Lucienne;Sigismund;1;2
Eudora;Lucienne;1;15
Lytta;Eudora;1;3
Geralt;Alzur;1;3
Ostrit;Lytta;1;3
Ostrit;Geralt;1;2
Foltest;Geralt;1;9
Foltest;Geralt;1;1
Geralt;Foltest;1;1
Foltest;Velerad;1;5
Geralt;Adda;1;4
Geralt;Geralt;1;3
Nenneke;Nenneke;1;23
Geralt;Iola;1;1
Geralt;Geralt;1;1
Geralt;Geralt;1;1
Roach;Geralt;1;3
Vereena;Geralt;1;1
Hereward;Geralt;1;2
Nenneke;Geralt;1;7
Geralt;Nivellen;1;1
Nenneke;Nenneke;1;3
Geralt;Geralt;1;1
Hereward;Hereward;1;1
Falwick;Nenneke;1;3
Falwick;Falwick;1;1
Geralt;Falwick;1;1
Stregobor;Geralt;1;1
Geralt;Hereward;1;2
Stregobor;Geralt;1;1
Geralt;Geralt;1;1
Geralt;Fredefalk;1;1
Fredefalk;Geralt;1;2
Nohorn;Fredefalk;1;1
Civril;Geralt;1;1
Renfri;Tavik;1;1
Renfri;Tavik;1;1
Tavik;Renfri;1;1
Tavik;Tavik;1;1
Renfri;Renfri;1;1
Caldemeyn;Caldemeyn;1;1
Geralt;Caldemeyn;1;1
Renfri;Renfri;1;1
Geralt;Renfri;1;1
Renfri;Caldemeyn;1;3
Geralt;Geralt;1;3
Stregobor;Stregobor;1;1
Stregobor;Audoen;1;2
Audoen;Audoen;1;2
Renfri;Renfri;1;1
Nohorn;Renfri;1;1
Nohorn;Geralt;1;1
Fifteen;Fifteen;1;1
Caldemeyn;Civril;1;1
Stregobor;Civril;1;1
Caldemeyn;Civril;2;25
Audoen;Stregobor;2;24
Civril;Audoen;2;10
Civril;Geralt;2;7
Fifteen;Fifteen;2;4
Yennefer;Geralt;2;15
Geralt;Geralt;2;12
Haxo;Iola;2;1
Haxo;Calanthe;2;1
Geralt;Geralt;2;1
Calanthe;Geralt;2;1
Calanthe;Pavetta;2;5
Eist;Pavetta;2;2
Pavetta;Calanthe;2;24
Eist;Eist;2;1
Crach;Eist;2;1
Crach;Calanthe;2;1
Draig;Calanthe;2;3
Calanthe;Eist;2;4
Eist;Drogodar;2;74
Eist;Vissegerd;2;88
Geralt;Drogodar;2;2
Draig;Geralt;2;1
Geralt;Calanthe;2;2
Calanthe;Draig;2;10
Pavetta;Haxo;2;3
Crach;Vissegerd;2;4
Eist;Geralt;2;4
Haxo;Geralt;2;3
Geralt;Geralt;2;1
Mousesack;Mousesack;2;2
Mousesack;Crach;2;4
Geralt;Draig;2;1
Calanthe;Calanthe;2;6
Roegner;Geralt;2;4
Pavetta;Pavetta;2;1
Crach;Calanthe;2;9
Vissegerd;Crach;2;2
Pavetta;Vissegerd;2;12
Geralt;Pavetta;2;11
Draig;Geralt;2;2
Pavetta;Eist;2;1
Roegner;Rainfarn;2;29
Pavetta;Roegner;2;1
Calanthe;Pavetta;2;1
Baron;Mousesack;2;1
Geralt;Calanthe;2;11
Geralt;Calanthe;2;23
Crach;Roegner;2;7
Rainfarn;Crach;2;7
Rainfarn;Rainfarn;2;3
Calanthe;Calanthe;2;4
Rainfarn;Crach;2;4
Rainfarn;Crach;2;12
Windhalm;Pavetta;2;3
Windhalm;Eist;2;1
Pavetta;Calanthe;2;3
Eist;Pavetta;2;1
Crach;Eist;2;3
Drogodar;Rainfarn;2;5
Crach;Mousesack;2;2
Mousesack;Drogodar;2;3
Mousesack;Geralt;2;4
Pavetta;Mousesack;2;2
Calanthe;Geralt;2;7
Rainfarn;Pavetta;2;2
Rainfarn;Draig;2;2
Geralt;Rainfarn;2;1
Geralt;Mousesack;2;2
Dhun;Roegner;2;1
Nettly;Geralt;2;5
Dhun;Geralt;2;2
Lille;Geralt;2;1
Geralt;Nettly;2;9
Nettly;Dhun;2;3
Geralt;Dhun;2;1
Geralt;Geralt;2;1
Galarr;Lille;2;2
Geralt;Lille;2;1
Aen;Geralt;2;18
Geralt;Galarr;2;15
Geralt;Torque;2;12
Vanadain;Geralt;2;13
Toruviel;Vanadain;2;18
Toruviel;Toruviel;2;17
Toruviel;Geralt;2;10
Torque;Geralt;2;35
Vanadain;Torque;2;13
Torque;Vanadain;2;2
Torque;Galarr;2;2
Geralt;Vanadain;2;2
Filavandrel;Galarr;2;7
Toruviel;Toruviel;2;7
Filavandrel;Geralt;2;18
Filavandrel;Geralt;2;10
Toruviel;Toruviel;2;9
Filavandrel;Filavandrel;2;1
Lille;Torque;2;2
Toruviel;Aen;2;1
Torque;Lille;2;6
Torque;Filavandrel;2;1
Nenneke;Lille;2;7
Geralt;Field;2;2
Chireadan;Lille;2;6
Chireadan;Yennefer;2;1
Errdil;Geralt;2;4
Geralt;Geralt;2;1
Geralt;Vratimir;2;1
Vratimir;Geralt;2;2
Geralt;Geralt;2;1
Errdil;Vratimir;2;1
Geralt;Chireadan;2;1
Yennefer;Chireadan;2;21
Geralt;Chireadan;2;2
Two;Geralt;2;2
Yennefer;Beau;2;2
Errdil;Yennefer;2;1
Vratimir;Errdil;2;1
Chireadan;Yennefer;2;1
Yennefer;Yennefer;2;1
Yennefer;Yennefer;2;4
Beau;Beau;2;2
Geralt;Chireadan;2;3
Geralt;Yennefer;2;12
Chireadan;Sir;2;8
Laurelnose;Laurelnose;2;3
Laurelnose;Yennefer;2;2
Yennefer;Chireadan;2;1
Laurelnose;Geralt;2;2
Geralt;Laurelnose;2;1
Neville;Yennefer;2;1
Neville;Neville;2;1
Yennefer;Geralt;2;3
Geralt;Laurelnose;2;27
Geralt;Neville;2;1
Eskel;Vesemir;2;5
Neville;Errdil;2;22
Neville;Errdil;2;6
Chireadan;Chireadan;2;4
Geralt;Errdil;2;8
Falwick;Neville;2;8
Falwick;Geralt;2;2
Dennis;Dennis;2;17
Dennis;Count;2;10
Geralt;Count;2;2
Nenneke;Falwick;2;21
Count;Count;2;1
Iola;Count;2;1
Yennefer;Dennis;2;2
Istredd;Geralt;2;2
Geralt;Nenneke;2;1
Yennefer;Geralt;2;2
Geralt;Geralt;2;3
Geralt;Yennefer;2;2
Herbolth;Yennefer;2;4
Sir;Geralt;2;1
Istredd;Seven;2;1
Herbolth;Sir;2;5
Geralt;Herbolth;2;2
Istredd;Herbolth;3;58
Yennefer;Istredd;3;48
Beau;Istredd;3;3
Vespula;Beau;3;13
Geralt;Beau;3;11
Dandelion;Istredd;3;19
Geralt;Geralt;3;16
Geralt;Geralt;3;8
Dandelion;Dandelion;3;20
Dandelion;Gar;3;2
Geralt;Dandelion;3;1
Vimme;Dudu;3;2
Dandelion;Geralt;3;1
Dudu;Dandelion;3;2
Dandelion;Vimme;3;1
Dandelion;Geralt;3;1
Little;Dandelion;3;3
Geralt;Little;3;1
Dandelion;Sword;3;2
Geralt;Geralt;3;1
Geralt;Geralt;3;2
Teleri;Geralt;3;1
Teleri;Teleri;3;1
Dandelion;Geralt;3;19
Essi;Dandelion;3;29
Little;Essi;3;4
Geralt;Essi;3;1
Little;Geralt;3;2
Little;Dandelion;3;1
Agloval;Dandelion;3;20
Agloval;Little;3;1
Dandelion;Agloval;3;1
Geralt;Essi;3;1
Duke;Essi;3;5
Geralt;Dandelion;3;4
Dandelion;Duke;3;2
Dandelion;Dandelion;3;1
Agloval;Geralt;3;3
Zelest;Zelest;3;1
Zelest;Agloval;3;10
Duke;Agloval;3;1
Agloval;Zelest;3;68
Dandelion;Geralt;3;2
Essi;Duke;3;5
Yennefer;Agloval;3;5
Dandelion;Duke;3;2
Essi;Dandelion;3;1
Agloval;Little;3;1
Essi;Dandelion;3;14
Duke;Yennefer;3;14
Dandelion;Agloval;3;11
Sword;Little;3;9
Geralt;Yennefer;3;64
Geralt;Zelest;3;68
Geralt;Braenn;3;44
Braenn;Geralt;3;34
Geralt;Geralt;3;6
Ciri;Geralt;3;4
Braenn;Braenn;3;15
Sir;Ciri;3;8
Braenn;Braenn;3;14
Eithné;Sir;3;9
Ciri;Sir;3;4
Eithné;Freixenet;3;6
Ciri;Eithné;3;8
Geralt;Braenn;3;3
Aen;Geralt;3;3
Aen;Ciri;3;5
Ciri;Eithné;3;1
Braenn;Aen;3;4
Freixenet;Braenn;3;4
Eithné;Geralt;3;2
Geralt;Freixenet;3;2
Venzlav;Freixenet;3;5
Eithné;Ciri;3;16
Freixenet;Venzlav;3;1
Venzlav;Eithné;3;1
Freixenet;Freixenet;3;1
Yennefer;Freixenet;3;56
Eithné;Eithné;3;1
Geralt;Geralt;3;1
Calanthe;Braenn;3;1
Ciri;Eithné;3;1
Pavetta;Calanthe;3;1
Two;Calanthe;3;1
Ciri;Eithné;3;2
Braenn;Pavetta;3;1
Calanthe;Ciri;3;1
Calanthe;Ciri;3;1
Ciri;Mousesack;3;1
Mousesack;Ciri;3;1
Geralt;Mousesack;3;1
Mousesack;Mousesack;3;1
King;Ciri;3;8
Yurga;Mousesack;3;14
Sir;Geralt;3;7
Yurga;King;3;12
Yennefer;Sir;3;24
Geralt;Yurga;3;1
King;Yennefer;3;2
Geralt;Yurga;3;3
Yurga;King;3;1
Mousesack;Geralt;3;1
Calanthe;Yurga;3;1
Calanthe;Mousesack;3;1
Geralt;Calanthe;3;1
Pavetta;Geralt;3;1
Pavetta;Pavetta;3;1
Yurga;Pavetta;3;1
Geralt;Calanthe;3;1
Visenna;Geralt;3;1
Yurga;Geralt;3;3
Geralt;Visenna;3;2
Yurga;Yurga;3;1
Triss;Geralt;3;3
Geralt;Triss;3;1
Yurga;Triss;3;2
Roach;Geralt;3;1
Roach;Roach;3;1
Roach;Roach;3;5
Dandelion;Yurga;3;2
Calanthe;Dandelion;3;1
Ciri;Geralt;3;1
Yurga;Calanthe;3;2
Ciri;Dandelion;3;1
Ciri;Dandelion;3;2
Geralt;Ciri;3;2
Baron;Yurga;3;5
Dandelion;Geralt;3;3
Dandelion;Ciri;3;1
Geralt;Dandelion;3;1
Geralt;Geralt;3;2
Yennefer;Yennefer;3;1
Yennefer;Yennefer;3;11
Dandelion;Dandelion;3;1
Geralt;Dandelion;3;6
Dandelion;Geralt;3;4
Dandelion;Baron;3;1
Donimir;Baron;3;1
Two;Donimir;3;4
Calanthe;Sheldon;3;1
Dandelion;Two;3;1
Sheldon;Dandelion;3;1
Sheldon;Dandelion;3;2
Baron;Calanthe;3;2
Little;Baron;3;12
Dandelion;Dandelion;3;6
Ciri;Sheldon;3;1
Rience;Dandelion;3;1
Dandelion;Dandelion;3;3
Ciri;Dandelion;3;1
Rience;Ciri;3;3
Dandelion;Ciri;3;9
Sir;Rience;3;8
Sir;Geralt;3;1
Rience;Sir;3;3
King;Rience;3;2
Yennefer;Dandelion;3;2
Geralt;Yennefer;3;6
Calanthe;Dandelion;3;8
Calanthe;Calanthe;3;15
Geralt;Calanthe;3;1
Yennefer;Geralt;3;7
Ciri;Rience;3;3
Ciri;Rience;3;9
Eskel;Rience;3;10
Ciri;Yennefer;3;1
Eskel;Roach;3;1
Roach;Ciri;3;1
Roach;Eskel;3;6
Ciri;Roach;3;2
Ciri;Ciri;3;7
Vesemir;Eskel;3;4
Triss;Ciri;3;1
Ciri;Vesemir;3;3
Geralt;Geralt;3;1
Triss;Ciri;3;1
Triss;Triss;3;4
Lambert;Triss;3;1
Vesemir;Geralt;3;1
Lambert;Lambert;3;1
Triss;Vesemir;3;1
Vesemir;Ciri;3;1
Vesemir;Triss;3;1
Lambert;Vesemir;3;1
Triss;Triss;3;1
Yennefer;Lambert;3;2
Ciri;Geralt;3;1
Ciri;Yennefer;3;2
Vesemir;Triss;3;3
Eskel;Two;3;1
Triss;Calanthe;3;1
Eskel;Eskel;3;1
Eskel;Triss;3;1
Geralt;Eskel;3;1
Nenneke;Vesemir;3;3
Ciri;Geralt;3;3
Triss;Vesemir;3;4
Yennefer;Ciri;3;2
Geralt;Vanielle;3;3
Ciri;Ciri;3;1
Beau;Ciri;3;2
Eskel;Ori;3;2
Geralt;Ciri;3;1
Calanthe;Ciri;3;1
Yennefer;Lambert;3;2
Vanielle;Eskel;3;1
Vanielle;Ciri;3;1
Two;Vanielle;3;1
Two;Yennefer;3;1
Triss;Geralt;3;1
Geralt;Ciri;3;2
Triss;Triss;3;1
Yarpen;Geralt;3;1
Ciri;Geralt;3;1
Triss;Yarpen;3;1
Ciri;Ciri;3;2
King;Yarpen;3;1
Xavier;King;3;1
Yarpen;King;3;1
Xavier;Geralt;3;1
Paulie;Yarpen;3;1
Yannick;Regan;3;1
Yennefer;Yarpen;3;1
Yarpen;Ciri;3;13
King;Yarpen;3;1
Yannick;Yarpen;3;1
Paulie;Triss;3;1
Paulie;Yarpen;3;2
King;Paulie;3;5
King;Yarpen;3;4
Ciri;Triss;3;7
Aelirenn;Ciri;3;6
Yarpen;Ciri;3;7
Ciri;Ciri;3;6
Yarpen;Yarpen;3;4
Ciri;Aelirenn;3;3
Regan;Yannick;3;1
Ciri;Yannick;3;5
Paulie;Regan;3;1
Ciri;Ciri;3;1
Paulie;Paulie;3;2
Sword;Ciri;3;1
Yannick;Sword;3;1
Everett;Sword;3;4
Ciri;Paulie;3;4
Nenneke;Regan;3;3
Nenneke;Geralt;3;1
Geralt;Ciri;3;1
Geralt;Iola;3;1
Beau;Geralt;3;3
Beau;Beau;3;2
Beau;Beau;3;1
Nenneke;Nenneke;3;1
Geralt;Nenneke;3;1
Ciri;Geralt;3;1
Geralt;Iola;3;1
Everett;Iola;3;1
Geralt;Iola;3;4
Geralt;Nenneke;3;4
Everett;Foltest;3;2
Dandelion;Foltest;3;1
Dandelion;King;3;8
Shani;Dandelion;3;3
Dandelion;Two;3;1
Dandelion;Dandelion;3;16
Ori;Two;3;8
Rience;King;3;7
Dandelion;Ori;3;1
Philippa;Philippa;3;12
Philippa;Dandelion;3;7
Ori;Philippa;3;1
Philippa;Ori;3;1
Geralt;Rience;3;1
Rience;Rience;3;2
King;Geralt;3;1
Philippa;Philippa;3;1
Yennefer;King;3;1
Ori;Philippa;3;1
Geralt;Yennefer;3;1
Shani;Philippa;3;1
Yennefer;Dandelion;3;1
Shani;Shani;3;2
King;Geralt;3;1
Foltest;Shani;3;5
Henselt;Philippa;3;2
Henselt;Foltest;3;1
Ethain;Henselt;3;1
Crach;Crach;3;2
Crach;Crach;3;2
Henselt;Henselt;3;2
Henselt;Henselt;3;1
Henselt;Emhyr;3;1
Calanthe;Foltest;3;1
Crach;Emhyr;3;1
Foltest;Foltest;3;1
Vilgefortz;Meve;3;1
Emhyr;Crach;3;1
Vissegerd;Foltest;3;1
Vissegerd;Henselt;3;1
Foltest;Emhyr;4;1
Foltest;Vissegerd;4;2
Calanthe;Vissegerd;4;1
Calanthe;Foltest;4;2
Calanthe;Calanthe;4;1
Vissegerd;Vissegerd;4;1
Venzlav;Calanthe;4;1
King;Foltest;4;1
King;Vissegerd;4;1
Meve;Meve;4;1
Meve;Meve;4;2
Meve;Venzlav;4;2
Calanthe;Foltest;4;1
Pavetta;Meve;4;31
Foltest;Calanthe;4;1
Vissegerd;Calanthe;4;1
Rience;Pavetta;4;2
Rience;Foltest;4;9
Calanthe;Pavetta;4;12
Henselt;Foltest;4;3
Meve;Rience;4;1
Foltest;Rience;4;8
Vissegerd;Calanthe;4;10
Emhyr;Foltest;4;4
Rience;Emhyr;4;6
Philippa;Vissegerd;4;2
Nenneke;Vissegerd;4;2
Two;Emhyr;4;2
Shani;Emhyr;4;1
Shani;Meve;4;1
Little;Windhalm;4;2
Artaud;Shani;4;1
Vilgefortz;Yennefer;4;2
Tissaia;Rience;4;4
Lydia;Little;4;1
Tissaia;Rience;4;3
Tissaia;Rience;4;1
Artaud;Vilgefortz;4;1
Artaud;Tissaia;4;1
Lydia;Tissaia;4;2
Two;Artaud;4;1
Two;Two;4;1
Two;Lydia;4;1
Vilgefortz;Two;4;7
Lydia;Two;4;1
Vilgefortz;Lydia;4;1
Aen;Tissaia;4;3
Aen;Artaud;4;1
Aen;Lydia;4;1
Tissaia;Vilgefortz;4;1
Vilgefortz;Artaud;4;5
Yennefer;Tissaia;4;4
Yennefer;Vilgefortz;4;1
Yennefer;Yennefer;4;2
Tissaia;Yennefer;4;1
Rience;Yennefer;4;1
Sword;Vilgefortz;4;1
Triss;Lydia;4;1
Philippa;Artaud;4;1
Ciri;Geralt;4;2
Tissaia;Sword;4;5
Iola;Geralt;4;3
Iola;Philippa;4;1
Yennefer;Ciri;4;1
Ciri;Shani;4;1
Jarre;Iola;4;1
Jarre;Ciri;4;1
Yennefer;Yennefer;4;1
Yennefer;Iola;4;1
Jarre;Ciri;4;1
Jarre;Yennefer;4;1
Jarre;Nenneke;4;1
Iola;Nenneke;4;1
Ciri;Jarre;4;1
Dandelion;Forest;4;9
Dandelion;King;4;1
Essi;Geralt;4;1
Essi;Nenneke;4;1
Blue;Essi;4;1
Geralt;Blue;4;1
Forest;Yennefer;4;1
Crach;Yennefer;4;1
Crach;Ciri;4;1
Calanthe;Forest;4;2
Ciri;Ciri;4;23
Ciri;Calanthe;4;1
Eist;Ciri;4;2
Pavetta;Eist;4;1
Yennefer;Eist;4;1
Yennefer;Crach;4;1
Nenneke;Crach;4;1
Nenneke;Ciri;4;2
Ithlinne;Sword;4;1
Ithlinne;Ithlinne;4;1
Ithlinne;Sword;4;26
Sword;Sword;4;3
Sword;Yennefer;4;2
King;Ciri;4;1
Aplegatt;Yennefer;4;3
Aplegatt;Ciri;4;1
Aplegatt;King;4;5
Meve;Meve;4;4
Meve;Emhyr;4;2
Emhyr;Demavend;4;5
Vissegerd;Emhyr;4;1
Aplegatt;Emhyr;4;1
Ciri;Vissegerd;4;1
Aplegatt;Forest;4;1
Ciri;Ciri;4;1
Yennefer;Aplegatt;4;1
Aplegatt;Yennefer;4;18
Foltest;Yennefer;4;21
Geralt;Aplegatt;4;2
Codringher;Foltest;4;1
Rience;Demavend;4;2
Rience;Geralt;4;1
Codringher;Dandelion;4;1
Rience;Calanthe;4;1
Geralt;Codringher;4;2
Rience;Rience;4;1
Yennefer;Geralt;4;1
Yennefer;Rience;4;6
Codringher;Yennefer;4;3
Codringher;Codringher;4;1
Emhyr;Rience;4;1
Emhyr;Emhyr;4;3
Emhyr;Philippa;4;1
Philippa;Philippa;4;1
Philippa;Henselt;4;1
Sabrina;Sabrina;4;2
Henselt;Henselt;4;2
Codringher;Henselt;4;5
Codringher;Rience;4;2
Foltest;Rience;4;2
Foltest;Foltest;4;2
Ciri;Ciri;4;1
Ciri;Ciri;4;1
Rience;Codringher;4;3
Codringher;Codringher;4;2
Codringher;Geralt;4;1
King;King;4;4
Geralt;King;4;19
King;Calanthe;4;2
Calanthe;Calanthe;4;2
Roegner;King;4;1
Pavetta;Rience;4;2
Geralt;Roegner;4;2
Codringher;Pavetta;4;1
Roegner;Geralt;4;1
Roegner;Roegner;4;1
Ciri;Roegner;4;1
Geralt;Calanthe;4;1
Geralt;Ciri;4;5
Calanthe;Calanthe;4;4
Pavetta;Calanthe;4;7
Pavetta;Pavetta;4;11
Eist;Pavetta;4;3
Calanthe;Calanthe;4;3
Pavetta;Eist;4;3
Emhyr;Calanthe;4;1
Akerspaark;Codringher;4;3
Akerspaark;Codringher;4;4
Horm;King;4;2
Codringher;Emhyr;4;1
Akerspaark;Codringher;4;1
Geralt;Akerspaark;4;4
Geralt;Geralt;4;2
Akerspaark;Akerspaark;4;4
Akerspaark;Ciri;4;4
Pavetta;Pavetta;4;6
Ithlinne;Ciri;4;3
Ithlinne;Ciri;4;4
Ithlinne;Aen;4;1
Aen;Codringher;4;2
Aen;Geralt;4;12
Yennefer;Codringher;4;1
Geralt;Geralt;4;3
Little;Gar;4;2
Demavend;Yennefer;4;2
Aplegatt;Aplegatt;4;3
Gar;Aplegatt;4;1
Gar;Gar;4;1
Toruviel;Toruviel;4;1
Toruviel;Yaevinn;4;2
Dandelion;Toruviel;4;2
Yennefer;Aplegatt;4;2
Ciri;Two;4;5
Yarpen;Ciri;4;1
Yennefer;Yarpen;4;3
Ciri;Yennefer;4;1
Jarre;Jarre;4;1
Ciri;Jarre;4;1
Molnar;Ciri;4;1
Yennefer;Molnar;4;1
Yennefer;Yennefer;4;1
Foltest;Molnar;4;1
Yennefer;Emhyr;4;2
Molnar;Molnar;4;1
Little;Fifteen;4;1
Little;Little;4;2
Ciri;Yennefer;4;1
Fabio;Molnar;4;2
Fabio;Ciri;4;3
Yennefer;Yennefer;4;2
Molnar;Molnar;4;5
Fabio;Fabio;4;1
Count;Fabio;4;2
Ciri;Gar;4;5
Fabio;Ciri;4;1
Nenneke;Nenneke;4;1
Gar;Nenneke;4;2
Two;Gar;4;2
Two;Ciri;4;8
Jarre;Ciri;4;10
Ciri;Fabio;4;4
Ciri;Yennefer;4;1
Anna;Tissaia;4;4
Yennefer;Ciri;4;4
Tissaia;Yennefer;4;1
Tissaia;Margarita;4;1
Tissaia;Yennefer;4;1
Yennefer;Ciri;4;3
Ciri;Yennefer;4;3
Margarita;Ciri;4;1
Ciri;Rayla;4;3
Tissaia;Rayla;4;1
Yennefer;Tissaia;4;1
Ciri;Margarita;4;1
Ciri;Geralt;4;3
Ciri;Geralt;4;1
Ciri;Gar;4;1
King;Yaevinn;4;2
King;King;4;1
Dandelion;Ciri;4;2
Count;Bran;4;2
Dandelion;Ciri;4;1
Yennefer;Dandelion;4;1
Dandelion;Yennefer;4;1
Ciri;Dandelion;4;1
Geralt;Ciri;4;1
Sabrina;Dandelion;4;1
Yennefer;Dandelion;4;1
Geralt;Geralt;4;1
Henselt;Sabrina;4;1
Geralt;Sabrina;4;5
Yennefer;Sabrina;4;3
Sabrina;Philippa;4;3
Yennefer;Philippa;4;1
Henselt;Yennefer;4;1
Philippa;Henselt;4;1
Triss;Yennefer;4;2
Triss;Triss;4;2
Philippa;Philippa;4;2
Yennefer;Yennefer;4;1
Triss;Yennefer;4;1
Geralt;Triss;4;2
Geralt;Geralt;4;1
Triss;Triss;4;1
Geralt;Esterad;4;6
Geralt;Vilgefortz;4;1
Vilgefortz;Francesca;4;3
Vilgefortz;Philippa;4;2
Philippa;Geralt;4;3
Geralt;Count;4;1
Two;King;4;1
Sabrina;Sabrina;4;2
Marti;Sabrina;4;3
Geralt;Geralt;4;4
Yennefer;Dorregaray;4;1
Sabrina;Geralt;4;3
Philippa;Dorregaray;4;1
Dorregaray;Dorregaray;4;2
Sabrina;Sabrina;4;2
Ethain;Ethain;4;1
Ethain;Sabrina;4;3
Henselt;Henselt;4;1
Yennefer;Marti;4;1
Sabrina;Sabrina;4;1
Keira;Keira;4;1
Keira;Marti;4;1
Marti;Philippa;4;1
Philippa;Philippa;4;1
Philippa;Keira;4;1
Yennefer;Marti;4;1
Yennefer;Vilgefortz;4;1
Yennefer;Artaud;4;1
Yennefer;Francesca;4;3
Artaud;Tissaia;4;1
Artaud;Yennefer;4;1
Artaud;Francesca;4;2
Francesca;Tissaia;4;1
Tissaia;Tissaia;4;1
Vilgefortz;Vilgefortz;4;1
Vilgefortz;Geralt;4;1
Vilgefortz;Yennefer;4;1
Lydia;Tissaia;4;1
Geralt;Vilgefortz;4;1
Beau;Lydia;4;1
Leticia;Vilgefortz;4;1
Tissaia;Tissaia;4;4
Lydia;Lydia;4;5
Lydia;Lydia;4;1
Geralt;Geralt;4;1
Aen;Falka;4;2
Lydia;Falka;4;1
Ciri;Lydia;4;1
Geralt;Ciri;4;1
Yennefer;Lydia;4;1
Vilgefortz;Gar;4;2
Vilgefortz;Lydia;4;2
Ciri;Ciri;4;1
Falka;Codringher;4;1
Falka;Triss;4;1
Pavetta;Pavetta;4;2
Pavetta;Ithlinne;4;2
Ithlinne;Falka;4;4
Falka;Ithlinne;4;1
Codringher;Falka;4;1
Falka;Codringher;4;1
Rience;Falka;4;1
Artaud;Geralt;4;1
Artaud;Emhyr;4;1
Keira;Keira;4;1
Geralt;Geralt;4;1
Keira;Geralt;4;1
Lydia;Keira;4;1
Sabrina;Yennefer;4;1
Sabrina;Sabrina;4;1
Triss;Triss;4;8
Triss;Lydia;4;1
Gar;Lydia;4;2
Gar;Vilgefortz;4;1
Lydia;Philippa;4;1
Geralt;Marti;4;1
Geralt;Tissaia;4;1
Tissaia;Tissaia;4;2
Tissaia;Artaud;4;1
Lydia;Artaud;4;1
Lydia;Philippa;4;1
Artaud;Artaud;4;1
Philippa;Philippa;4;3
Triss;Philippa;4;2
Triss;Tissaia;4;1
Keira;Keira;4;1
Tissaia;Tissaia;4;1
Keira;Tissaia;4;1
Philippa;Francesca;4;1
Dorregaray;Gar;4;1
Dorregaray;King;4;1
Marti;Marti;4;1
Marti;Carduin;4;2
Carduin;Carduin;4;2
Gar;Gar;4;2
Philippa;Gar;4;1
Carduin;Carduin;4;2
Gar;Carduin;4;3
Gar;Tissaia;4;1
Francesca;Tissaia;4;1
Francesca;Francesca;4;1
Francesca;Vilgefortz;4;1
Vilgefortz;Marti;4;1
Vilgefortz;Dorregaray;4;1
Marti;Marti;4;1
Gar;Dorregaray;4;1
Gar;Dorregaray;4;1
Keira;Yennefer;4;1
Philippa;Keira;4;1
Sabrina;Vilgefortz;4;1
Sabrina;Demavend;4;1
Demavend;Demavend;4;2
Demavend;Tissaia;4;1
Tissaia;Tissaia;4;1
Esterad;Philippa;4;1
Carduin;Demavend;4;1
Sabrina;Carduin;4;1
Emhyr;Sabrina;4;1
Vilgefortz;Sabrina;4;1
Francesca;Emhyr;4;1
Francesca;Vilgefortz;4;1
Philippa;Emhyr;4;1
Emhyr;Emhyr;4;1
Sabrina;Philippa;4;1
Sabrina;Lydia;4;1
Foltest;Tissaia;4;1
Foltest;Foltest;4;10
King;Philippa;4;7
King;Philippa;4;2
Rience;King;4;1
Margarita;Tissaia;4;1
Ciri;Philippa;4;1
Emhyr;Vilgefortz;4;1
Ciri;Ciri;4;1
Gar;Emhyr;4;6
Emhyr;Ciri;4;6
Artaud;Vilgefortz;4;3
Artaud;Vilgefortz;4;11
Emhyr;Geralt;4;6
Gar;Emhyr;4;1
Triss;Vilgefortz;4;1
Tissaia;Codringher;4;1
Emhyr;Triss;4;14
Emhyr;King;4;4
Dandelion;Triss;4;2
Dandelion;Jan;4;1
Gar;Jan;4;14
Dandelion;Venzlav;4;2
Triss;Geralt;4;11
Venzlav;Geralt;4;12
Venzlav;Triss;4;1
Geralt;Venzlav;4;2
Emhyr;Geralt;4;6
King;Dandelion;4;6
Bronibor;Dandelion;4;7
Foltest;Two;4;4
Demavend;Demavend;4;3
Hereward;Foltest;4;2
King;Emhyr;4;3
Ciri;Emhyr;4;1
Henselt;Hereward;4;1
Henselt;Emhyr;4;1
Demavend;Emhyr;4;1
Dandelion;Henselt;4;1
Esterad;Foltest;4;1
Esterad;Demavend;4;1
Vilgefortz;Dandelion;4;1
Emhyr;Geralt;4;2
Filavandrel;Vilgefortz;4;1
Emhyr;Emhyr;5;1
Emhyr;Dandelion;5;1
Filavandrel;Dandelion;5;6
Foltest;Henselt;5;2
Henselt;Filavandrel;5;51
Emhyr;Foltest;5;4
Dandelion;Foltest;5;1
Dandelion;Henselt;5;7
Gar;Emhyr;5;4
Gar;Aen;5;2
Count;Gar;5;1
Vattier;Fauve;5;3
Emhyr;Fauve;5;1
Emhyr;Dandelion;5;1
Emhyr;Emhyr;5;2
Vattier;Emhyr;5;2
Xarthisius;Emhyr;5;2
Emhyr;Stefan;5;8
Cahir;Emhyr;5;1
Cahir;Vilgefortz;5;2
Vattier;Emhyr;5;1
Adda;Ceallach;5;1
Jarre;Vattier;5;1
Ciri;Vattier;5;3
Ciri;Adda;5;1
Little;Ciri;5;1
Aen;Geralt;5;1
Calanthe;Seven;5;1
Calanthe;Little;5;2
Paulie;Ciri;5;3
Vilgefortz;Ciri;5;3
Little;Paulie;5;3
Blue;Vilgefortz;5;2
Ciri;Vilgefortz;5;3
Ciri;Triss;5;3
Blue;Falka;5;5
Two;Ciri;5;5
Blue;Blue;5;8
Ciri;Two;5;8
Sir;Two;5;1
Ciri;Blue;5;4
Baron;Sir;5;4
Baron;Sir;5;7
Kayleigh;Blue;5;2
Kayleigh;Baron;5;3
Ciri;Ciri;5;1
Ciri;Kayleigh;5;2
Iskra;Ciri;5;4
Kayleigh;Ciri;5;5
Mistle;Little;5;2
Mistle;Iskra;5;2
Mistle;Kayleigh;5;1
Falka;Mistle;5;5
Ciri;Ciri;5;2
Mistle;Iskra;5;2
Falka;Kayleigh;5;1
Kayleigh;Ciri;5;1
Emhyr;Falka;5;1
Aen;Falka;5;1
Aen;Mistle;5;2
Mistle;Emhyr;5;2
Mistle;Kayleigh;5;2
Kayleigh;Mistle;5;1
Forest;Rudiger;5;1
Codringher;Mistle;5;1
Milva;Asse;5;1
Milva;Forest;5;4
Geralt;Milva;5;1
Milva;Milva;5;2
Ori;Geralt;5;1
Philippa;Maria;5;1
Ori;Ori;5;1
Philippa;Philippa;5;1
Yennefer;Ori;5;6
Artaud;Triss;5;1
Artaud;Triss;5;1
Yennefer;Artaud;5;1
Yennefer;Yennefer;5;3
Ori;Ori;5;1
Ori;Ori;5;1
Emhyr;Milva;5;1
Ori;Milva;5;1
Philippa;Maria;5;72
Philippa;Milva;5;70
Milva;Francesca;5;3
Little;Stefan;5;3
Little;Stefan;5;1
Aen;Emhyr;5;2
Milva;Emhyr;5;1
Toruviel;Little;5;45
Margarita;Aen;5;60
Philippa;Milva;5;61
Keira;Milva;5;15
Keira;Toruviel;5;5
Triss;Milva;5;7
Philippa;Philippa;5;13
Philippa;Keira;5;1
Sabrina;Triss;5;3
Sabrina;Philippa;5;9
Francesca;Philippa;5;1
Philippa;Philippa;5;2
Philippa;Sabrina;5;2
Margarita;Francesca;5;4
Margarita;Francesca;5;29
Francesca;Philippa;5;34
Sabrina;Margarita;5;3
Sabrina;Francesca;5;8
Francesca;Francesca;5;3
Philippa;Assire;5;5
Sheala;Assire;5;18
Assire;Philippa;5;44
Margarita;Emhyr;5;27
Francesca;Sabrina;5;3
King;Sheala;5;1
King;Philippa;5;1
King;Sabrina;5;3
Francesca;Sheala;5;1
Francesca;King;5;2
Assire;Francesca;5;1
Assire;Assire;5;33
Triss;Triss;5;27
Triss;Triss;5;2
Keira;Keira;5;3
Sabrina;Triss;5;10
Francesca;Keira;5;14
Assire;Keira;5;2
Sabrina;Sabrina;5;6
Emhyr;Sabrina;5;3
Emhyr;Assire;5;25
Sheala;Emhyr;5;7
Assire;Emhyr;5;1
Francesca;Margarita;5;8
Two;Margarita;5;1
Two;Sheala;5;4
Mistle;Assire;5;2
Asse;Francesca;5;4
Asse;Sheala;5;11
Kayleigh;Mistle;5;1
Falka;Falka;5;1
Dandelion;Falka;5;1
Geralt;Kayleigh;5;3
Dandelion;Little;5;1
Roach;Little;5;3
Dandelion;Little;5;14
Aen;Geralt;5;1
Aen;Dandelion;5;4
Geralt;Roach;5;3
Dandelion;Dandelion;5;3
Milva;Dandelion;5;2
Milva;Geralt;5;2
Geralt;Milva;5;2
Dandelion;Milva;5;1
Ciri;Dandelion;5;4
Milva;Ciri;5;3
Emhyr;Ciri;5;7
Ciri;Ciri;5;2
Ciri;Milva;5;2
Geralt;Emhyr;5;1
Geralt;Ciri;5;1
Milva;Geralt;5;1
Dandelion;Emhyr;5;1
Milva;Emhyr;5;5
Milva;Roach;5;2
Field;Roach;5;5
Field;Zoltan;5;1
Geralt;Field;5;1
Zoltan;Field;5;3
Zoltan;Zoltan;5;1
Zoltan;Zoltan;5;1
Munro;Zoltan;5;2
Figgis;Milva;5;1
Figgis;Figgis;5;2
Zoltan;Zoltan;5;1
Zoltan;Zoltan;5;1
Dandelion;Geralt;5;2
Figgis;Dandelion;5;4
Milva;Geralt;5;4
Percival;Dandelion;5;1
Munro;Figgis;5;1
Geralt;Milva;5;1
Field;Percival;5;5
Zoltan;Geralt;5;1
Ciri;Geralt;5;4
Maria;Field;5;2
Geralt;Milva;5;1
Munro;Percival;5;1
Percival;Dandelion;5;3
Cahir;Zoltan;5;3
Zoltan;Percival;5;2
Geralt;Percival;5;1
Philippa;Milva;5;1
Zoltan;Zoltan;5;2
King;Ciri;5;1
Dandelion;Cahir;5;1
Field;Zoltan;5;1
Two;King;5;1
Dandelion;Percival;5;1
Percival;Field;5;1
Field;Two;5;1
Emiel;Zoltan;5;1
Zoltan;Percival;5;1
Geralt;Figgis;5;1
Sir;Geralt;5;1
Zoltan;Zoltan;5;2
Percival;Geralt;5;2
Yennefer;Sir;5;1
Yennefer;Zoltan;5;1
Zoltan;Sir;5;1
Geralt;Dandelion;5;1
Two;Dandelion;5;8
Zoltan;Geralt;5;7
Percival;Two;5;9
King;Two;5;4
Dandelion;Percival;5;3
Ciri;King;5;3
Falka;Brouver;5;2
Ciri;Count;5;1
Falka;Count;5;1
Ciri;Ciri;5;12
Kayleigh;Falka;5;1
Emiel;Kayleigh;5;1
Geralt;Kayleigh;5;1
Munro;Ciri;5;1
Munro;Percival;5;1
Two;Emiel;5;1
Dandelion;Dandelion;5;2
Percival;Milva;5;1
Geralt;Dandelion;5;1
Count;Munro;5;1
Field;Sir;5;2
Sir;Count;5;5
Geralt;Dandelion;5;1
Mistle;Sir;5;18
Dandelion;Percival;5;3
Dandelion;Kayleigh;5;1
Aubry;Ciri;5;1
Aubry;Sir;5;5
Sir;Sir;5;2
Sir;Geralt;5;5
Dandelion;Dandelion;5;1
Count;Geralt;5;1
Count;Dandelion;5;2
Foltest;Emhyr;5;1
Foltest;Dandelion;5;9
Calanthe;Foltest;5;1
Calanthe;Geralt;5;1
Pavetta;Geralt;5;1
Count;Count;5;1
Dandelion;Pavetta;5;2
Dandelion;Geralt;5;1
Daniel;Geralt;5;1
Daniel;Daniel;5;1
Calanthe;Calanthe;5;1
Emhyr;Calanthe;5;1
Vissegerd;Emhyr;5;1
Vissegerd;Emhyr;5;1
Foltest;Calanthe;5;4
Foltest;Foltest;5;3
Daniel;Daniel;5;3
Vissegerd;Daniel;5;2
Geralt;Vissegerd;5;1
Dandelion;Vissegerd;5;1
Vissegerd;Geralt;5;2
Count;Vissegerd;5;19
Count;Vissegerd;5;1
Vissegerd;Count;5;4
Sir;Vissegerd;5;3
Cahir;Sir;5;1
Sir;Sir;5;1
Demavend;Vissegerd;5;1
Demavend;Dandelion;5;1
Vilgefortz;Demavend;5;4
Vattier;Vilgefortz;5;3
Francesca;Rience;5;3
Cahir;Rience;5;2
Stefan;Francesca;5;1
Stefan;Cahir;5;21
Vattier;Rience;5;1
Ciri;Vattier;5;1
Ciri;Milva;5;25
Beau;Milva;5;1
Cahir;Beau;5;1
Cahir;Cahir;5;3
Milva;Cahir;5;1
Milva;Milva;5;1
Ciri;Ciri;5;1
Ciri;Assire;5;4
Fringilla;Fringilla;5;1
Assire;Assire;5;1
Merlin;Assire;5;1
Assire;Merlin;5;1
Assire;Assire;5;1
Assire;Fringilla;5;4
King;Fringilla;5;3
Assire;King;5;1
Stella;Albrich;5;1
Emhyr;Assire;5;1
Emhyr;Xarthisius;5;2
Fringilla;Assire;5;1
Fringilla;Emhyr;5;1
Xarthisius;Fringilla;5;1
Emhyr;Xarthisius;5;6
Cahir;Xarthisius;5;10
Emhyr;Emhyr;5;2
Cahir;Emhyr;5;1
Assire;Cahir;5;2
Cahir;Emhyr;5;1
Cahir;Assire;5;1
Milva;Assire;5;10
Milva;Cahir;5;3
Seven;Fringilla;5;2
Vissegerd;Seven;5;1
Dandelion;Cahir;5;1
Vissegerd;Seven;5;1
Gar;Milva;5;1
Gar;Dandelion;5;1
Geralt;Gar;5;1
Dandelion;Gar;5;1
Geralt;Geralt;5;1
Seven;Vissegerd;5;4
Seven;Yennefer;5;4
Dandelion;Seven;5;4
Philippa;Seven;5;7
Milva;Dandelion;5;7
Cahir;Cahir;5;1
Kayleigh;Cahir;5;3
Mistle;Dandelion;5;7
Falka;Emiel;5;6
Mistle;Geralt;5;2
Milva;Mistle;5;2
Dandelion;Kayleigh;5;1
Ciri;Mistle;5;1
Vattier;Cahir;5;1
Ida;Yennefer;5;2
Francesca;Yennefer;5;1
Francesca;Mistle;5;1
Philippa;Francesca;5;1
Margarita;Henselt;5;1
Margarita;Henselt;5;1
Margarita;Ida;5;1
Philippa;Ida;5;1
Sabrina;Sabrina;5;1
Sabrina;Ida;5;2
Ida;Ithlinne;5;1
Ithlinne;Ithlinne;5;2
Francesca;Ida;5;1
Yennefer;Ithlinne;5;2
Yennefer;Ithlinne;5;2
Francesca;Francesca;5;1
Francesca;Yennefer;5;2
Gar;Francesca;5;1
Gar;Gar;5;1
Ciri;Gar;5;8
Ciri;Ciri;5;12
Yennefer;Ciri;5;4
Yennefer;Yennefer;5;3
Francesca;Yennefer;5;1
Francesca;Francesca;5;1
Vilgefortz;Vilgefortz;5;1
Vilgefortz;Tissaia;5;1
Tissaia;Vilgefortz;5;1
Geralt;Tissaia;5;1
Keira;Tissaia;5;1
Ciri;Francesca;5;5
Vilgefortz;Francesca;5;4
Yennefer;Francesca;5;1
Yennefer;Ciri;5;1
Yennefer;Vilgefortz;5;1
Ciri;Yennefer;5;1
Philippa;Triss;5;1
Fringilla;Philippa;5;1
Philippa;Ciri;5;1
Fringilla;Philippa;5;1
Sabrina;Ciri;5;3
Fringilla;Philippa;5;1
Fringilla;Fringilla;5;1
Sabrina;Triss;5;1
Sabrina;Fringilla;5;1
Yennefer;Sabrina;5;2
Keira;Keira;5;1
Keira;Keira;5;2
Triss;Triss;5;1
Triss;Keira;5;1
Triss;Fringilla;5;1
Philippa;Ida;5;1
Philippa;Fringilla;5;1
Fringilla;Ida;5;1
Fringilla;Blue;5;2
Fringilla;Blue;5;1
Ida;Aen;5;2
Ida;Ida;5;2
Blue;Blue;5;1
Blue;Aen;5;1
Aen;Blue;5;1
Aen;Aen;5;1
Ida;Aen;5;1
Fringilla;Ida;5;1
Yennefer;Ida;5;1
Philippa;Fringilla;5;1
Ciri;Fringilla;5;4
Iskra;Yennefer;5;1
Ciri;Fringilla;5;2
Asse;Yennefer;5;1
Iskra;Iskra;5;3
Baron;Ciri;5;3
Fringilla;Asse;5;2
Assire;Ciri;5;1
Assire;Kayleigh;5;1
Yennefer;Philippa;5;2
Triss;Ciri;5;1
Assire;Ciri;5;2
Rience;Yennefer;5;2
Tissaia;Assire;5;1
Ida;Assire;5;1
Ida;Rience;5;1
Ida;Ciri;5;1
Keira;Ida;5;1
Francesca;Sabrina;5;1
Falka;Assire;5;1
Falka;Philippa;5;1
Falka;Francesca;5;1
Sabrina;Falka;5;1
Assire;Sabrina;5;1
Falka;Assire;5;1
Philippa;Francesca;5;1
Falka;Falka;5;1
Ciri;Falka;5;1
Anna;Yennefer;5;2
Anna;Falka;5;1
Beau;Anna;5;1
Sabrina;Anna;5;1
Francesca;Beau;5;2
Assire;Francesca;5;1
Adalia;Francesca;5;2
Adalia;Assire;5;1
Adalia;Adalia;5;1
Adalia;Adalia;5;1
Calanthe;Yennefer;5;1
Calanthe;Calanthe;5;1
Margarita;Margarita;5;1
Anna;Anna;5;1
Geralt;Margarita;5;1
Ciri;Anna;5;1
Triss;Anna;5;1
Emhyr;Assire;5;1
Emhyr;Fringilla;5;1
Triss;Sabrina;5;5
Vilgefortz;Emhyr;5;3
Vilgefortz;Keira;5;1
Ida;Yennefer;5;1
Ida;Yennefer;6;2
Ida;Sir;6;1
Yennefer;Ida;6;1
Yennefer;Yennefer;6;1
Margarita;Margarita;6;1
Margarita;Ciri;6;1
Sabrina;Margarita;6;1
Triss;Sabrina;6;2
Sabrina;Ciri;6;3
Sabrina;Vilgefortz;6;2
Fringilla;Vilgefortz;6;1
Two;Geralt;6;1
Two;Yennefer;6;20
Seven;Ciri;6;14
Vilgefortz;Two;6;2
Geralt;Seven;6;10
Emiel;Connor;6;8
Roach;Ciri;6;1
Geralt;Forest;6;2
Milva;Roach;6;1
Blue;Cahir;6;2
Blue;Blue;6;3
King;Blue;6;1
Geralt;Cahir;6;1
Ethain;Milva;6;6
Ethain;Dandelion;6;4
Ciri;Ethain;6;5
Cahir;Cahir;6;2
Geralt;Dandelion;6;7
Geralt;Zoltan;6;1
Vesemir;Vissegerd;6;11
Vesemir;Vesemir;6;1
Vesemir;Dandelion;6;1
Dandelion;Cahir;6;3
Cahir;Dyffryn;6;2
Cahir;Dyffryn;6;12
Cahir;Dyffryn;6;1
Roach;Dandelion;6;4
Meve;Roach;6;2
Geralt;Two;6;8
Meve;Milva;6;1
Milva;Geralt;6;6
Zuleyka;Meve;6;1
Philippa;Milva;6;1
Philippa;Meve;6;1
Vesemir;Philippa;6;2
Vesemir;Vesemir;6;16
Jarre;Vesemir;6;1
Nenneke;Sigrdrifa;6;2
Nenneke;Zyvik;6;11
Triss;Triss;6;5
Stefan;Triss;6;3
Ciri;Jarre;6;17
Vysogota;Jarre;6;1
Ciri;Ciri;6;1
Aen;Ciri;6;3
Asse;Ciri;6;5
Falka;Kelpie;6;25
Kayleigh;Ciri;6;2
Emhyr;Falka;6;1
Mistle;Asse;6;1
Falka;Falka;6;7
Falka;Mistle;6;10
Falka;Falka;6;2
Ciri;Kayleigh;6;4
Baron;Ciri;6;2
Ciri;Baron;6;11
Baron;Baron;6;2
Mistle;Ciri;6;11
Mistle;Falka;6;5
Ciri;Asse;6;11
Kayleigh;Ciri;6;3
Kayleigh;Asse;6;1
Ciri;Asse;6;1
Kayleigh;Mistle;6;1
Emhyr;Asse;6;1
Ciri;Mistle;6;1
Calanthe;Emhyr;6;4
Calanthe;Ciri;6;7
Ciri;Calanthe;6;1
Falka;Ciri;6;2
Asse;Falka;6;2
Baron;Emhyr;6;2
Falka;Emhyr;6;1
Yennefer;Kayleigh;6;2
Mistle;Vysogota;6;1
Mistle;Mistle;6;3
Milva;Ciri;6;5
Geralt;Vysogota;6;12
Meve;Kayleigh;6;2
Geralt;Geralt;6;9
Milva;Meve;6;8
Ciri;Geralt;6;2
Meve;Milva;6;1
Milva;Meve;6;1
Cahir;Meve;6;1
Milva;Milva;6;1
Roach;Cahir;6;3
Geralt;Geralt;6;1
Geralt;Roach;6;2
Ciri;Milva;6;2
Geralt;King;6;3
Geralt;Ciri;6;1
Yennefer;Geralt;6;1
Yennefer;Forest;6;1
Dandelion;Yennefer;6;5
Milva;Triss;6;1
Cahir;Crach;6;1
Geralt;Ciri;6;24
Dandelion;Dandelion;6;6
Dandelion;Dandelion;6;1
Count;Dandelion;6;4
Milva;Cahir;6;1
Ciri;Count;6;1
Ciri;Dandelion;6;1
Dandelion;Ciri;6;3
Ciri;Dandelion;6;2
Calanthe;Milva;6;1
Vattier;Milva;6;2
Vattier;Cahir;6;4
Vattier;Cahir;6;1
Cahir;Emhyr;6;2
Cahir;Cahir;6;1
Ceallach;Ceallach;6;2
Vattier;Ceallach;6;1
Vattier;Vattier;6;3
Rience;Vattier;6;6
Vilgefortz;Vilgefortz;6;3
Vilgefortz;Rience;6;1
Rience;Vilgefortz;6;1
Ceallach;Vattier;6;1
Ceallach;Rience;6;7
Meve;Vattier;6;3
Meve;Rience;6;3
Rience;Meve;6;1
Vattier;Rience;6;1
Rience;Cahir;6;1
Vattier;Cahir;6;1
Emhyr;Stefan;6;2
Stefan;Stefan;6;1
Stefan;Vattier;6;1
Cahir;Rience;6;1
Cahir;Vattier;6;1
Forest;Vattier;6;1
Forest;Forest;6;3
Geralt;Ciri;6;2
Dandelion;Ciri;6;1
Falka;Geralt;6;1
Baron;Cahir;6;1
Kelpie;Geralt;6;1
Kelpie;Falka;6;1
Emhyr;Vysogota;6;1
Ciri;Baron;6;1
Ciri;Ciri;6;1
Windsor;Leo;6;1
Leo;Baron;6;1
Baron;Ciri;6;1
Windsor;Falka;6;2
Falka;Windsor;6;1
Windsor;Leo;6;1
Stavro;Windsor;6;1
Ciri;Falka;6;1
Little;Baron;6;3
Stavro;Ciri;6;1
Windsor;Stavro;6;1
Cahir;Falka;6;3
Beau;Stavro;6;1
Dandelion;Milva;6;1
Vissegerd;Geralt;6;1
Cahir;Vissegerd;6;1
Beau;Meve;6;1
Emhyr;Beau;6;1
Emhyr;Ciri;6;1
Two;Cahir;6;1
Yennefer;Geralt;6;1
Geralt;Cahir;6;3
Geralt;Vysogota;6;1
Two;Vysogota;6;3
Geralt;Geralt;6;1
Sword;Geralt;6;8
Codringher;Beau;6;4
Geralt;Geralt;6;3
Geralt;Geralt;6;1
Codringher;Codringher;6;3
Cahir;Vilgefortz;6;1
Geralt;Vilgefortz;6;1
Geralt;Two;6;1
Aen;Emiel;6;1
Geralt;Aen;6;1
Geralt;Ithlinne;6;2
Julia;Ithlinne;6;1
Baron;Baron;6;1
Baron;Two;6;1
Baron;Two;6;1
Dandelion;Dandelion;6;1
Julia;Julia;6;1
Beau;Julia;6;1
Geralt;Beau;6;2
Baron;Baron;6;4
Anna;Baron;6;1
Milva;Anna;6;3
Dandelion;Geralt;6;5
Beau;Beau;6;1
Julia;Beau;6;1
Baron;Julia;6;3
Milva;Geralt;6;1
Emiel;Beau;6;2
Count;Emiel;6;2
Radovid;Geralt;6;3
Baron;Count;6;2
Esterad;King;6;1
Esterad;Count;6;3
King;King;6;1
King;Zuleyka;6;5
King;Philippa;6;1
King;Esterad;6;1
Blue;Blue;6;4
Emhyr;Esterad;6;1
King;King;6;1
King;Demavend;6;1
King;Henselt;6;2
Demavend;Emhyr;6;2
Demavend;Henselt;6;1
Demavend;King;6;1
Demavend;Emhyr;6;3
Henselt;Foltest;6;2
Henselt;King;6;1
Henselt;Emhyr;6;1
King;Foltest;6;1
Emhyr;Foltest;6;1
Carthia;Foltest;6;1
Assire;Assire;6;1
Vattier;Vattier;6;3
Assire;Assire;6;7
Menno;Menno;6;2
Assire;Assire;6;1
Assire;Carthia;6;5
Assire;Emhyr;6;6
Fringilla;Fringilla;6;1
Assire;Assire;6;1
Philippa;Philippa;6;10
Emhyr;Assire;6;1
Foltest;Emhyr;6;1
Zuleyka;Esterad;6;10
Esterad;Esterad;6;2
Esterad;Esterad;6;2
Zuleyka;Ciri;6;2
Emhyr;Emhyr;6;1
Lebioda;Emhyr;6;2
Lebioda;Zuleyka;6;3
Esterad;Esterad;6;1
Lebioda;Esterad;6;1
Duke;Zuleyka;6;6
Esterad;Lebioda;6;7
Julia;King;6;4
Zuleyka;Esterad;6;1
Zuleyka;Duke;6;1
King;Zuleyka;6;1
Ciri;Duke;6;1
Esterad;King;6;5
Vilgefortz;Baron;6;2
Yennefer;Zuleyka;6;3
Vilgefortz;Ithlinne;6;5
Two;Yennefer;6;1
Crach;Vilgefortz;6;1
Ciri;Philippa;6;1
Fringilla;Yennefer;6;1
Philippa;Ciri;6;3
Crach;Crach;6;3
Crach;Philippa;6;2
Yennefer;Crach;6;2
Ciri;Yennefer;6;1
Crach;Calanthe;6;1
Ciri;Calanthe;6;1
Pavetta;Yennefer;6;1
Pavetta;Pavetta;6;3
Pavetta;Pavetta;6;3
Yennefer;Yennefer;6;1
Geralt;Geralt;6;1
Sigrdrifa;Crach;6;1
Sigrdrifa;Geralt;6;1
Yennefer;Crach;6;2
Sigrdrifa;Crach;6;1
Ciri;Yennefer;6;2
Geralt;Sigrdrifa;6;1
Emhyr;Ciri;6;1
Ciri;Sigrdrifa;6;1
Triss;Fringilla;6;4
Crach;Vissegerd;6;1
Triss;Vissegerd;6;2
Triss;Crach;6;2
Crach;Philippa;6;3
Sigrdrifa;Yennefer;6;1
Vilgefortz;Ciri;6;1
Crach;Sigrdrifa;6;1
Ciri;Vilgefortz;6;1
Ciri;Crach;6;3
Vysogota;Triss;6;2
Asse;Triss;6;3
Vissegerd;Vilgefortz;6;1
Vissegerd;Asse;6;1
Geralt;Kelpie;6;2
Vissegerd;Geralt;6;1
Yennefer;Dandelion;6;2
Crach;Vissegerd;6;1
Yennefer;Ciri;6;1
Hjalmar;Hjalmar;6;1
Calanthe;Pavetta;6;1
Calanthe;Ciri;6;1
Ciri;Pavetta;6;1
Ciri;Radovid;6;2
Radovid;Hjalmar;6;1
Radovid;Radovid;6;1
Radovid;Hjalmar;6;1
Hjalmar;Calanthe;6;1
Hjalmar;Ciri;6;1
Yennefer;Hjalmar;6;1
Philippa;Crach;6;2
Philippa;Yennefer;6;2
Philippa;Philippa;6;1
Triss;Yennefer;6;3
Crach;Ciri;6;1
Yennefer;Vilgefortz;6;1
Rience;Geralt;6;2
Ciri;Two;6;1
Vysogota;Stefan;6;1
Rience;Rience;6;1
Rience;Ciri;6;1
Rience;Rience;6;2
Vilgefortz;Rience;6;2
Vilgefortz;Vysogota;6;1
Sir;Falka;6;1
Vilgefortz;Emhyr;6;1
Ardal;Sir;6;1
Emhyr;Ithlinne;6;1
Rience;Ithlinne;6;1
Duke;Emhyr;6;1
Two;Stefan;7;3
Vysogota;Duke;7;1
Falka;Vattier;7;2
Two;Sir;7;1
Falka;Yennefer;7;3
Ciri;Ori;7;1
Jan;Two;7;1
Iola;Jan;7;1
Iola;Rience;7;1
Iola;Jan;7;2
Ciri;Ciri;7;5
Iola;Nenneke;7;4
Iola;Nenneke;7;9
Triss;Jarre;7;1
Nenneke;Nenneke;7;1
Ciri;Ciri;7;2
Jarre;Triss;7;6
Jarre;Nenneke;7;6
Vilgefortz;Ciri;7;4
Vilgefortz;Jarre;7;2
Rience;Ciri;7;3
Rience;Nenneke;7;1
Kelpie;Ciri;7;1
Mistle;Triss;7;2
Merlin;Ori;7;1
Merlin;Yennefer;7;2
Arthur;Iola;7;1
Dandelion;Geralt;7;3
Dandelion;Merlin;7;7
Nimue;Sir;7;1
Geralt;Sir;7;1
Yennefer;Dandelion;7;1
Beau;Two;7;4
Ciri;Two;7;1
Nimue;Nimue;7;15
Ciri;Nimue;7;1
Lydia;Ciri;7;28
Stella;Nimue;7;1
Stella;Ciri;7;3
Count;Lydia;7;4
Count;Nimue;7;3
Emhyr;Count;7;15
Emhyr;Emhyr;7;1
Emhyr;Emhyr;7;1
Emhyr;Vattier;7;11
Nimue;Stella;7;19
Emhyr;Count;7;40
Nimue;Beau;7;44
Emhyr;Emhyr;7;20
King;Nimue;7;25
Ciri;King;7;34
Dandelion;King;7;15
Jan;Ciri;7;7
Cahir;Emhyr;7;2
Cahir;Jan;7;3
Count;Nimue;7;2
Dandelion;Count;7;3
Nimue;Dandelion;7;2
Geralt;Dandelion;7;1
Geralt;Geralt;7;7
Dandelion;Geralt;7;1
Margarita;Dandelion;7;3
Francesca;Count;7;1
Ciri;Count;7;2
Yennefer;Francesca;7;3
Jan;Ida;7;1
Vilgefortz;Vilgefortz;7;14
Vilgefortz;Jan;7;11
Ciri;Vilgefortz;7;6
Yennefer;Ciri;7;8
Yennefer;Yennefer;7;1
Yennefer;Yennefer;7;1
Geralt;Ciri;7;2
Geralt;Vilgefortz;7;1
Vilgefortz;Geralt;7;3
Emhyr;Ciri;7;2
Emhyr;Yennefer;7;1
Stefan;Emhyr;7;3
Stefan;Stefan;7;1
Yennefer;Yennefer;7;1
Nimue;Yennefer;7;5
Beau;Vilgefortz;7;1
Beau;Stefan;7;1
Geralt;Everett;7;3
Sir;Geralt;7;3
Sir;Geralt;7;2
Geralt;Geralt;7;1
Geralt;Roach;7;3
Milva;Roach;7;11
Cahir;Geralt;7;1
Cahir;Milva;7;2
Milva;Milva;7;1
Reynart;Cahir;7;3
Anna;Cahir;7;3
Anna;Milva;7;2
Anna;Beau;7;8
Anna;Beau;7;2
Reynart;Anna;7;2
Reynart;Dandelion;7;1
Reynart;Julia;7;2
Dandelion;Sir;7;3
Dandelion;Dandelion;7;5
Julia;Julia;7;3
Julia;Sir;7;1
Geralt;Julia;7;1
Cahir;Sir;7;4
Reynart;Sir;7;12
Count;Geralt;7;22
Geralt;Sir;7;2
Reynart;Reynart;7;4
Geralt;Count;7;2
Two;Geralt;7;7
Reynart;Reynart;7;2
Beau;Two;7;12
Beau;Two;7;4
Geralt;Reynart;7;9
Reynart;Beau;7;3
Dandelion;Reynart;7;2
Geralt;Cahir;7;1
Beau;Beau;7;2
Beau;Cahir;7;1
Julia;Milva;7;1
Anna;Julia;7;1
Geralt;Julia;7;1
Beau;Dandelion;7;1
Dandelion;Dandelion;7;1
Fringilla;Geralt;7;4
Geralt;Anna;7;2
Reynart;Anna;7;6
Fringilla;Fringilla;7;1
Anna;Geralt;7;1
Dandelion;Fringilla;7;7
Ciri;Milva;7;1
Ciri;Milva;7;1
Emhyr;Ciri;7;1
Milva;Ciri;7;1
Geralt;Pavetta;7;1
Geralt;Dandelion;7;3
Baron;Geralt;7;1
Palmerin;Geralt;7;1
Milva;Baron;7;1
Milva;Palmerin;7;2
Count;Baron;7;2
Baron;Geralt;7;3
Dandelion;Reynart;7;3
Emiel;Ciri;7;1
Milva;Fringilla;7;2
Milva;Anna;7;2
Fringilla;Emiel;7;2
Baron;Geralt;7;1
Baron;Fringilla;7;2
Milva;Baron;7;1
Baron;Baron;7;10
Seven;Geralt;7;1
Seven;Milva;7;9
Geralt;Seven;7;3
Fringilla;Seven;7;6
Reynart;Baron;7;1
Sir;Milva;7;2
Sir;Gar;7;3
Dandelion;Roach;7;3
Dandelion;Dandelion;7;4
Ciri;Cahir;7;1
Fringilla;Cahir;7;3
Jan;Roach;7;1
Jan;Fringilla;7;1
Geralt;Dandelion;7;2
Roach;Fringilla;7;2
Cahir;Geralt;7;3
Baron;King;7;12
Milva;Two;7;3
Cahir;Baron;7;4
Beau;Dandelion;7;1
Fringilla;Dandelion;7;1
Fringilla;Geralt;7;1
Philippa;Fringilla;7;1
Philippa;Philippa;7;2
Keira;Yennefer;7;5
Keira;Fringilla;7;5
Philippa;Yennefer;7;1
Philippa;Philippa;7;1
Fringilla;Fringilla;7;1
Fringilla;Margarita;7;1
Margarita;Sabrina;7;1
Sabrina;Margarita;7;2
Ida;Sabrina;7;2
Fringilla;Sabrina;7;1
Fringilla;Ida;7;1
Ciri;Assire;7;1
Ciri;Ciri;7;2
Triss;Triss;7;4
Fringilla;Triss;7;3
Dandelion;Philippa;7;3
Little;Philippa;7;2
Baron;Little;7;1
Fringilla;Little;7;1
Cahir;Fringilla;7;1
Cahir;Cahir;7;1
Vilgefortz;Cahir;7;1
Vilgefortz;Fringilla;7;1
Ardal;Ciri;7;6
Stefan;Vattier;7;4
Morvran;Emhyr;7;14
Emhyr;Joachim;7;2
Ardal;Count;7;1
Ardal;Ardal;7;3
Ardal;Joachim;7;1
Joachim;Stefan;7;1
Joachim;Vilgefortz;7;1
Stefan;Stefan;7;2
Emhyr;Vilgefortz;7;3
Yennefer;Emhyr;7;4
Yennefer;Emhyr;7;1
Yennefer;Joachim;7;1
Ardal;Emhyr;7;1
Joachim;Ardal;7;3
Count;Joachim;7;1
Vilgefortz;Count;7;4
Fringilla;Count;7;1
Vilgefortz;Vilgefortz;7;2
Vilgefortz;Stefan;7;1
Vilgefortz;Vilgefortz;7;1
Fringilla;Fringilla;7;1
Philippa;Geralt;7;1
Philippa;Philippa;7;1
Vilgefortz;Keira;7;2
Vilgefortz;Vilgefortz;7;3
Keira;Keira;7;4
Sabrina;Keira;7;1
Fringilla;Sabrina;7;2
Guy;Sabrina;7;25
Fringilla;Fringilla;7;36
Philippa;Assire;7;1
Philippa;Geralt;7;1
Sabrina;Reynart;7;16
Sabrina;Beau;7;13
Philippa;Francesca;7;9
Margarita;Ida;7;2
Margarita;Philippa;7;9
Fringilla;Vilgefortz;7;3
Triss;Triss;7;3
Triss;Fringilla;7;1
Francesca;Triss;7;1
Francesca;Francesca;7;3
Assire;Francesca;7;2
Assire;Assire;7;6
Assire;Assire;7;1
Ciri;Philippa;7;1
Kelpie;Philippa;7;1
Kelpie;Fringilla;7;1
Vesemir;Sabrina;7;7
Ciri;Kelpie;7;2
Ciri;Ciri;7;4
Aen;Vesemir;7;2
Ciri;Ciri;7;1
Auberon;Ciri;7;2
Aen;Aen;7;2
Aen;Eredin;7;1
Auberon;Aen;7;1
Eredin;King;7;3
Auberon;Auberon;7;1
Ciri;King;7;1
Eredin;Eredin;7;1
Gar;Auberon;7;1
Gar;Ciri;7;1
Aen;Gar;7;1
Auberon;Gar;7;2
Ciri;Ciri;7;3
Vysogota;Eredin;7;1
Vysogota;Ciri;7;3
Ciri;Geralt;7;2
Vysogota;King;7;1
Kelpie;Ciri;7;1
Kelpie;Yennefer;7;2
Eredin;Vysogota;7;1
Ciri;Geralt;7;1
Anna;Aen;7;1
King;Eredin;7;1
Kayleigh;Kelpie;7;1
Kayleigh;Anna;7;1
Eredin;Eredin;7;2
Ciri;Kayleigh;7;2
Ciri;King;7;1
Little;Ciri;7;1
Little;Vysogota;7;1
Ihuarraquax;Little;7;1
Gar;Ihuarraquax;7;3
Kelpie;Ciri;7;2
Ihuarraquax;Ciri;7;1
Kelpie;Little;7;3
Little;Little;7;4
Seven;Little;7;1
Seven;Kelpie;7;1
King;Seven;7;1
Jarre;Seven;7;6
Jarre;Little;7;1
Jan;Ciri;7;5
Jarre;Menno;7;4
Sir;Jarre;7;5
Jarre;Jan;7;3
Two;Jarre;7;1
Jarre;Sir;7;3
Jarre;Jarre;7;1
Jarre;Two;7;1
Geralt;Jarre;7;1
Geralt;Geralt;7;1
Nenneke;Nenneke;7;1
Nenneke;Ciri;7;3
Jarre;Nenneke;7;1
Jarre;Triss;7;2
Dennis;Ciri;7;1
Dennis;Triss;7;1
Nenneke;King;7;1
Nenneke;Julia;7;1
Sheldon;Dennis;7;1
Jarre;Jarre;7;1
Sheldon;Nenneke;7;1
Sheldon;Dennis;7;1
Zoltan;Jarre;7;1
Zoltan;Jarre;7;1
Menno;Sheldon;7;1
Zoltan;Zoltan;7;1
Zoltan;Menno;7;1
Zoltan;Menno;7;1
Dennis;Jarre;7;1
Dennis;Jarre;7;1
Vissegerd;Dennis;7;1
Vissegerd;Vissegerd;7;1
Julia;Julia;7;1
Julia;Vissegerd;7;3
Dennis;Julia;7;1
Dennis;Julia;7;1
Yarpen;Dennis;7;28
Emhyr;Dennis;7;3
Dennis;Yarpen;7;3
Jarre;Yarpen;7;1
Dennis;Emhyr;7;2
Ciri;Emhyr;7;1
Kelpie;Zoltan;7;3
Kelpie;Zoltan;7;1
Two;Zoltan;7;1
Two;Ciri;7;1
King;Nenneke;7;1
Fabio;Ihuarraquax;7;1
Ciri;Two;7;1
Geralt;Kelpie;7;1
King;Ciri;7;1
Nimue;Nimue;7;1
Ithlinne;Yennefer;7;2
Nimue;Geralt;7;1
Ciri;Kelpie;7;3
Jarre;Geralt;7;2
Puttkammer;Ithlinne;7;1
Field;Nimue;7;3
Puttkammer;Jan;7;6
Julia;Jarre;7;1
Bronibor;Anna;7;1
Bronibor;Baron;7;3
Adam;Field;7;3
Jarre;Seven;7;1
Jarre;Adam;7;1
Field;Barclay;7;1
Menno;Field;7;3
Field;Menno;7;2
Iola;Menno;7;1
Marti;Field;7;2
King;Marti;7;1
King;Iola;7;1
King;Sword;7;1
Iola;Assire;7;3
Shani;Philippa;7;4
Adam;Shani;7;2
Aubry;Marti;7;1
Aubry;Jarre;7;1
Foltest;Julia;7;7
Aubry;Aubry;7;1
Two;Foltest;7;1
Julia;Aubry;7;1
Julia;Barclay;7;1
Marti;Barclay;7;1
Shani;Aubry;7;1
Menno;Marti;7;1
Menno;Shani;7;1
Triss;Iola;7;1
Jarre;Menno;7;1
Count;Iola;7;1
Marti;Nenneke;7;1
Marti;Triss;7;1
Daniel;Gar;7;1
Count;Daniel;7;1
Adam;Count;7;1
Adam;Count;7;1
Julia;Shani;7;4
Julia;Foltest;7;2
Foltest;Foltest;7;1
Iola;Bronibor;7;1
Puttkammer;Bronibor;7;1
Menno;Yaevinn;7;1
Sir;Count;7;1
Jarre;Menno;7;1
Bronibor;Puttkammer;7;1
Bronibor;Seven;7;1
Field;Seven;7;1
Menno;Bronibor;7;1
Sievers;Jarre;7;1
Zoltan;Seven;7;1
Zoltan;Bronibor;7;1
Munro;Seven;7;2
Munro;Field;7;1
Guy;Munro;7;1
Jarre;Guy;7;1
Iola;Guy;7;1
Iola;Field;7;1
King;Field;7;2
King;Iola;7;2
Meve;Bronibor;7;1
Ciri;Jarre;7;2
Milo;Meve;7;2
Ciri;Ardal;7;1
Vilgefortz;Ardal;7;1
Milva;Marti;7;1
Geralt;Marti;7;22
Ciri;Stefan;7;1
Geralt;Aen;7;1
Emiel;Maria;7;6
Yennefer;Maria;7;1
Vilgefortz;Emiel;7;1
Geralt;Emiel;7;1
Count;Ciri;7;2
Leo;Emiel;7;1
Ciri;Emiel;7;1
Cahir;Vilgefortz;7;1
Cahir;Stefan;7;2
Fringilla;Vilgefortz;7;2
Count;Cahir;7;2
Ciri;Two;7;2
Leo;Count;7;1
Leo;Ciri;7;2
Geralt;Leo;7;1
Geralt;Yennefer;7;1
Emhyr;Ciri;7;1
Emhyr;Emhyr;7;1
Vilgefortz;Pavetta;7;1
Pavetta;Vilgefortz;7;1
Emhyr;Pavetta;7;1
Duke;Pavetta;7;1
Emhyr;Emhyr;7;1
Xarthisius;Duke;7;1
Vilgefortz;Emhyr;7;1
Pavetta;Xarthisius;7;3
Pavetta;Vilgefortz;7;1
Emhyr;Vilgefortz;7;1
Geralt;Ciri;7;1
Calanthe;Calanthe;7;1
Calanthe;Calanthe;7;1
Emhyr;Vilgefortz;7;1
Francesca;Ciri;7;1
Francesca;Ciri;7;12
Pavetta;Geralt;7;1
Pavetta;Fringilla;7;2
Calanthe;Calanthe;7;1
Calanthe;Cyrus;7;1
Triss;Calanthe;7;2
Shilard;Triss;7;4
Shilard;Ciri;7;2
Shilard;King;7;2
King;Foltest;7;4
King;Henselt;7;3
Foltest;Foltest;7;1
Henselt;Henselt;7;1
Henselt;Henselt;7;2
Henselt;King;7;1
King;Meve;7;2
Meve;Demavend;7;3
Meve;Demavend;7;1
Demavend;Demavend;7;1
Foltest;Henselt;7;3
Demavend;Henselt;7;1
Demavend;Demavend;7;2
Cyrus;Cyrus;7;2
Sabrina;Shilard;7;3
Sabrina;Emhyr;7;1
Sabrina;Demavend;7;1
Emhyr;Shilard;7;3
Emhyr;Demavend;7;2
Demavend;Shilard;7;2
Shilard;Assire;7;1
Assire;Assire;7;2
Sabrina;Francesca;7;1
Sabrina;Francesca;7;1
Francesca;Margarita;7;1
Francesca;Sabrina;7;3
Francesca;Margarita;7;1
Sabrina;King;7;1
Margarita;King;7;1
Margarita;King;7;2
Francesca;Demavend;7;2
King;Demavend;7;4
King;Sabrina;7;1
Demavend;Francesca;7;1
Demavend;Sabrina;7;4
Demavend;Francesca;7;1
Philippa;Philippa;7;1
Philippa;Demavend;7;2
Shilard;Assire;7;2
Baron;Isengrim;7;1
Baron;Baron;7;2
Shilard;Shilard;7;1
Shilard;Shilard;7;1
Foltest;Emhyr;7;1
Henselt;Demavend;7;1
Meve;Meve;7;1
Meve;Foltest;7;1
Foltest;Foltest;7;1
Philippa;Calanthe;7;1
Foltest;Calanthe;7;1
Foltest;Foltest;7;1
Philippa;Philippa;7;1
Emhyr;Emhyr;7;2
Margarita;Emhyr;7;2
Triss;Margarita;7;1
Vattier;Assire;7;2
Vattier;Vattier;7;1
Vattier;Emhyr;7;1
Zuleyka;Count;7;1
Zuleyka;Stefan;7;1
Zuleyka;Ciri;7;1
Ciri;Calanthe;7;1
Ciri;Shilard;7;1
Calanthe;Calanthe;7;1
Calanthe;Shilard;7;2
Pavetta;Shilard;7;1
Demavend;Emhyr;7;1
Cyrus;Philippa;7;1
Philippa;Radovid;7;1
Nenneke;Radovid;7;8
Iola;Radovid;7;6
Philippa;Iola;7;1
Jarre;Milo;7;1
Two;Jarre;7;2
Toruviel;Lucienne;7;1
Rayla;Lucienne;7;2
Isengrim;Barclay;7;1
Philippa;Riordain;7;2
Ciri;King;7;1
Dandelion;Beau;7;1
Beau;Beau;7;3
Julia;Count;7;1
Julia;Ciri;7;1
Ciri;Count;7;1
Ciri;Count;7;1
Count;Julia;7;1
Julia;Julia;7;1
Dandelion;Anna;7;1
Anna;Anna;7;1
Dandelion;Beau;7;1
Fringilla;Baron;7;2
Jan;Jan;7;1
Yennefer;Dandelion;7;1
Kelpie;Kelpie;7;10
Kelpie;Geralt;7;2
Yennefer;Dandelion;7;2
Ciri;Triss;7;15
Triss;Margarita;7;2
Triss;Margarita;7;1
Margarita;Yennefer;7;2
Margarita;Yennefer;7;7
Yennefer;Ciri;7;3
Philippa;Philippa;7;2
Ciri;Ciri;7;2
Francesca;Francesca;7;8
Francesca;Yennefer;7;2
Yennefer;Tissaia;7;1
Tissaia;Tissaia;7;1
Emhyr;Ciri;7;1
Philippa;Philippa;7;1
Philippa;Esterad;7;1
Esterad;Zuleyka;7;1
Esterad;Zuleyka;7;2
Yennefer;Ciri;7;1
Francesca;Francesca;7;2
Yennefer;Ciri;7;2
Geralt;Margarita;7;2
Margarita;Margarita;7;1
Ciri;Geralt;7;1
Sabrina;Sabrina;7;1
Sabrina;Keira;7;1
Keira;Geralt;7;2
Keira;Geralt;7;3
Geralt;Yennefer;7;1
Sabrina;Sabrina;7;1
Triss;Yennefer;7;1
Triss;Geralt;7;1
Geralt;Tissaia;7;1
Margarita;Tissaia;7;1
Tissaia;Tissaia;7;1
Ida;Francesca;7;2
Assire;Ciri;7;1
Yennefer;Ciri;7;2
Dandelion;Sabrina;7;2
Two;Meve;7;8
Two;Dandelion;7;5
Yarpen;Geralt;7;1
Zoltan;Zoltan;7;3
Zoltan;Yarpen;7;1
Yarpen;King;7;1
King;King;7;1
King;Zoltan;7;1
Zoltan;Yarpen;7;1
Percival;Percival;7;1
Field;Field;7;2
Zoltan;Yarpen;7;2
Yarpen;Regan;7;1
Zoltan;Eudora;7;1
Eudora;Zoltan;7;2
Zoltan;Dandelion;7;1
Yennefer;Dandelion;7;2
Yarpen;King;7;3
Dandelion;Geralt;7;1
Yarpen;Yarpen;7;1
King;Dandelion;7;1
Dandelion;Dandelion;7;1
Zoltan;Zoltan;7;1
Eskel;Sword;7;3
Eskel;Geralt;7;1
Eskel;Vesemir;7;1
Geralt;Lambert;7;2
Geralt;Vesemir;7;2
Vesemir;Lambert;7;2
Vesemir;Lambert;7;1
Vesemir;Eskel;7;1
Lambert;Geralt;7;1
Lambert;Eskel;7;1
Geralt;Vesemir;7;5
Kelpie;Zoltan;7;2
Triss;Yennefer;7;3
Tissaia;Kelpie;7;1
Triss;Yennefer;7;1
Yennefer;Alzur;7;3
Nimue;Triss;7;1
Triss;Nimue;7;2
Dandelion;Yennefer;7;1
Yennefer;Dandelion;7;1
Dandelion;Triss;7;1
Kelpie;Triss;7;1
Ciri;Milva;7;1
Yennefer;Cahir;7;1
Yennefer;Milva;7;1
Yennefer;Zoltan;7;1
Cahir;Zoltan;7;1
Cahir;Triss;7;1
Milva;Zoltan;7;1
Milva;Triss;7;1
Milva;Triss;7;1
Zoltan;Lytta;7;1
Zoltan;Ciri;7;1
Zoltan;Lytta;7;1
Triss;Ciri;7;2
Lytta;Triss;7;1
Triss;Dandelion;7;1
Triss;Yarpen;7;1
Dandelion;Mistle;7;1
